state,name,infectious,x,y,description
A,exposed,,1,0,has inhaled or ingested  the virus
B,infected,,2,1,virus replicating in cells
C,not infected,,2,-1,"carrying no virus, not immune"
D,test positive,,3,3,positive result of test for presence of the virus
E,infecting,1,4,1,"can infect others, but does not yet show symptoms"
F,no symptoms,1,5,0,"has the virus, but shows no symptoms and will not do so"
G,fever,1,5,2,elevated temperature caused by the virus
H,lung reaction,1,6,4,cytokine storm with lung symptoms
J,ICU,,7,6,in intensive care
K,no ICU,,7,4,"lungs involved , not in intensive care"
L,dead,,9,6,RIP
M,recovers,,8,2,symptoms recede
N,immune,,9,0,"no longer infectious, has antibodies against the virus"
