id,Occupancy,Grid,Region
h_279,3,7505_5165,Norfolk
h_278,4,5934_1646,Suffolk
h_277,2,7275_3425,Norfolk
h_59,2,1025_5077,Lincolnshire
h_276,1,3525_1142,Cambridgeshire
h_58,2,4620_4838,Norfolk
h_275,4,8122_1188,Suffolk
h_57,5,0645_1356,Bedford
h_274,1,8078_4811,Norfolk
h_56,1,8499_1225,Suffolk
h_273,5,5365_0211,Essex
h_55,2,1567_8429,Lincolnshire
h_272,4,3812_5692,Lincolnshire
h_54,3,8954_5811,Norfolk
h_271,1,4854_1659,Suffolk
h_53,3,9076_5786,Norfolk
h_270,1,7568_2974,Suffolk
h_52,4,6617_4192,Norfolk
h_51,5,0232_8804,Lincolnshire
h_50,6,0388_2459,Northamptonshire
h_269,3,1534_0569,Hertfordshire
h_268,1,7523_0728,Suffolk
h_49,6,5726_6883,Norfolk
h_267,3,2521_8432,Lincolnshire
h_48,3,5421_1422,Suffolk
h_266,3,3783_8101,Lincolnshire
h_47,2,0717_5823,Lincolnshire
h_265,1,7554_0259,Essex
h_46,2,2533_7085,Lincolnshire
h_264,3,0365_2990,Northamptonshire
h_45,3,8868_2125,Suffolk
h_263,1,3179_7396,Lincolnshire
h_44,3,7760_5838,Norfolk
h_262,4,3760_1193,Essex
h_43,3,3289_8963,Lincolnshire
h_261,2,1891_1072,Central Bedfordshire
h_42,3,2391_9433,Lincolnshire
h_260,5,1000_0262,Central Bedfordshire
h_41,3,0502_0406,Central Bedfordshire
h_40,3,8598_6013,Norfolk
h_259,1,2059_7902,Lincolnshire
h_258,3,2268_3749,Cambridgeshire
h_39,2,2292_1827,Cambridgeshire
h_257,2,7800_5468,Norfolk
h_38,3,1219_5394,Lincolnshire
h_256,4,6820_2332,Suffolk
h_37,4,6008_0187,Essex
h_255,1,3687_4264,Norfolk
h_36,6,4121_0382,Essex
h_254,4,2461_0145,Hertfordshire
h_35,3,2862_2441,Cambridgeshire
h_253,2,2973_0610,Hertfordshire
h_34,3,1843_1646,Central Bedfordshire
h_252,1,1923_4632,Peterborough
h_33,4,5904_5184,Norfolk
h_251,3,3171_6955,Lincolnshire
h_32,3,3819_9391,Lincolnshire
h_250,3,3716_2347,Cambridgeshire
h_31,3,0897_7779,Lincolnshire
h_30,3,1908_3930,Cambridgeshire
h_249,1,9593_3460,Suffolk
h_248,1,3779_4304,Norfolk
h_29,2,5369_1185,Suffolk
h_247,1,8217_2135,Suffolk
h_28,2,0325_2105,Bedford
h_246,3,9521_3113,Suffolk
h_27,5,2524_9297,Lincolnshire
h_245,6,5388_4430,Norfolk
h_26,1,2985_3174,Cambridgeshire
h_244,2,3216_7640,Lincolnshire
h_25,4,5557_1593,Suffolk
h_243,6,6478_2922,Suffolk
h_24,2,5700_4454,Norfolk
h_242,4,7850_0031,Essex
h_23,3,1267_1965,Bedford
h_241,4,1698_0853,Central Bedfordshire
h_22,3,8274_5561,Norfolk
h_240,1,7341_2230,Suffolk
h_21,3,3715_0390,Essex
h_20,3,1108_3780,Northamptonshire
h_239,4,1694_0197,Hertfordshire
h_599,3,0791_1474,Bedford
h_238,2,4609_1534,Suffolk
h_598,3,1423_4407,Peterborough
h_19,2,1282_8228,Lincolnshire
h_237,1,1772_1510,Central Bedfordshire
h_597,5,0784_9573,Lincolnshire
h_18,4,6504_3664,Norfolk
h_236,3,5960_6960,Norfolk
h_596,3,1450_0681,Central Bedfordshire
h_17,3,5772_5701,Norfolk
h_235,4,9192_1607,Suffolk
h_595,5,2886_4414,Cambridgeshire
h_16,2,5060_4688,Norfolk
h_234,2,0865_2143,Bedford
h_594,5,6450_4993,Norfolk
h_15,2,9663_3786,Suffolk
h_233,3,0980_3323,Northamptonshire
h_593,2,5124_1055,Essex
h_14,2,4794_1505,Suffolk
h_232,2,1023_0019,Luton
h_592,3,8530_2927,Suffolk
h_13,6,4529_3731,Norfolk
h_231,5,7551_4608,Norfolk
h_591,5,0290_2296,Bedford
h_12,1,0194_0747,Central Bedfordshire
h_230,5,8769_2357,Suffolk
h_590,2,3286_7057,Lincolnshire
h_11,1,3413_5095,Cambridgeshire
h_10,1,2375_4445,Peterborough
h_229,1,1088_2368,Bedford
h_589,3,1294_0759,Central Bedfordshire
h_228,3,0064_9852,Lincolnshire
h_588,3,6079_5011,Norfolk
h_227,3,8955_5527,Norfolk
h_587,2,6243_0058,Essex
h_226,2,8294_2947,Suffolk
h_586,3,2381_0045,Hertfordshire
h_225,1,5809_6317,Norfolk
h_585,3,5471_1183,Essex
h_224,4,3123_8691,Lincolnshire
h_584,3,0975_6337,Lincolnshire
h_223,1,2967_6181,Lincolnshire
h_583,3,1856_5576,Lincolnshire
h_222,6,3477_2101,Cambridgeshire
h_582,3,5621_0706,Essex
h_221,3,7881_3911,Norfolk
h_581,2,2666_1286,Cambridgeshire
h_220,4,1538_4284,Peterborough
h_580,3,1361_4455,Peterborough
h_219,4,3057_4424,Cambridgeshire
h_579,4,2595_7719,Lincolnshire
h_218,3,1595_5467,Lincolnshire
h_578,5,1012_0033,Luton
h_217,2,0120_2909,Northamptonshire
h_577,3,3613_8072,Lincolnshire
h_216,3,8175_4386,Norfolk
h_576,4,3667_7556,Lincolnshire
h_215,2,4726_0602,Essex
h_575,5,0732_2908,Northamptonshire
h_214,1,8432_2977,Suffolk
h_213,2,1000_8667,Lincolnshire
h_574,3,4551_1467,Suffolk
h_212,2,4382_0166,Essex
h_573,3,8304_6587,Norfolk
h_211,2,1888_4750,Peterborough
h_572,3,6105_3170,Suffolk
h_210,1,3453_4977,Cambridgeshire
h_571,1,1603_2008,Cambridgeshire
h_570,3,5729_5503,Norfolk
h_209,6,6684_1258,Suffolk
h_208,6,7445_1007,Suffolk
h_569,3,1061_3330,Northamptonshire
h_207,3,6381_5200,Norfolk
h_568,2,3553_0457,Essex
h_206,1,0992_0043,Luton
h_567,3,8475_5117,Norfolk
h_205,3,2345_1893,Cambridgeshire
h_566,2,2041_2706,Cambridgeshire
h_204,3,4177_0082,Essex
h_565,3,5262_3379,Suffolk
h_203,1,5640_4576,Norfolk
h_564,1,9052_5311,Norfolk
h_202,2,4308_0657,Essex
h_563,2,4728_4534,Norfolk
h_201,5,9135_4859,Norfolk
h_562,1,4511_4183,Norfolk
h_200,4,1645_1575,Central Bedfordshire
h_561,3,4745_1359,Suffolk
h_560,2,1800_4912,Peterborough
h_559,1,1216_1671,Bedford
h_558,3,6275_4228,Norfolk
h_557,3,0873_7658,Lincolnshire
h_556,3,0536_4331,Northamptonshire
h_555,1,3221_0610,Essex
h_554,3,6213_2853,Suffolk
h_553,1,1073_0020,Luton
h_552,3,7460_5300,Norfolk
h_551,3,6945_4591,Norfolk
h_550,3,5698_1198,Suffolk
h_549,4,5519_0651,Essex
h_548,3,1662_1611,Central Bedfordshire
h_547,3,7469_1472,Suffolk
h_546,1,3502_0888,Essex
h_545,2,3545_8185,Lincolnshire
h_544,4,7981_2043,Suffolk
h_543,1,4353_2791,Cambridgeshire
h_542,4,1237_0549,Central Bedfordshire
h_541,3,0297_0019,Central Bedfordshire
h_540,3,0908_0051,Central Bedfordshire
h_539,2,5986_4224,Norfolk
h_538,1,1330_0064,Hertfordshire
h_537,2,4590_2645,Cambridgeshire
h_536,3,8521_3270,Suffolk
h_535,2,8739_5846,Norfolk
h_534,3,1817_3384,Cambridgeshire
h_533,2,0734_1937,Bedford
h_532,1,6297_3031,Suffolk
h_531,1,9584_3356,Suffolk
h_530,1,8913_4382,Norfolk
h_529,3,3517_1034,Essex
h_528,4,6830_3599,Norfolk
h_527,2,8870_2679,Suffolk
h_526,4,7181_6559,Norfolk
h_525,6,7314_2907,Suffolk
h_524,3,6222_1101,Suffolk
h_523,2,2782_5533,Lincolnshire
h_522,4,1627_4510,Peterborough
h_521,2,7355_2212,Suffolk
h_520,3,0791_0762,Central Bedfordshire
h_519,2,1542_9669,Lincolnshire
h_518,4,4692_0777,Essex
h_517,1,0930_0781,Central Bedfordshire
h_516,1,1654_0568,Hertfordshire
h_515,5,0389_0815,Central Bedfordshire
h_514,5,1949_1042,Central Bedfordshire
h_513,1,7678_5950,Norfolk
h_512,2,4426_2395,Suffolk
h_511,3,4296_0609,Essex
h_510,2,0858_1905,Bedford
h_509,2,0035_6869,Lincolnshire
h_508,3,7028_2239,Suffolk
h_507,2,2664_7324,Lincolnshire
h_506,3,2099_6244,Lincolnshire
h_505,5,1025_0225,Central Bedfordshire
h_504,1,1002_2336,Bedford
h_503,6,5384_1442,Suffolk
h_502,1,3990_3107,Cambridgeshire
h_501,4,6636_1473,Suffolk
h_500,2,4379_0577,Essex
h_399,3,2534_0349,Hertfordshire
h_398,1,0950_0032,Luton
h_397,5,1629_2887,Cambridgeshire
h_396,3,3549_8657,Lincolnshire
h_395,5,3005_1787,Cambridgeshire
h_394,1,1472_0500,Hertfordshire
h_393,4,2431_4409,Peterborough
h_392,1,9365_3561,Suffolk
h_391,5,2272_2825,Cambridgeshire
h_390,6,1821_6699,Lincolnshire
h_389,5,6945_2458,Suffolk
h_388,2,6188_2210,Suffolk
h_387,2,2495_0088,Hertfordshire
h_386,2,5511_0457,Essex
h_385,4,3743_1384,Cambridgeshire
h_384,1,1661_4054,Peterborough
h_383,4,1748_5552,Lincolnshire
h_382,2,1152_1218,Bedford
h_381,1,5745_5167,Norfolk
h_380,3,7285_1402,Suffolk
h_379,4,3248_3157,Cambridgeshire
h_378,1,4991_5774,Norfolk
h_377,1,3356_0283,Essex
h_376,1,1191_9470,Lincolnshire
h_375,5,0120_2800,Northamptonshire
h_374,6,3378_7835,Lincolnshire
h_373,4,2798_0132,Hertfordshire
h_372,2,1874_0667,Central Bedfordshire
h_371,3,4682_4472,Norfolk
h_370,1,0223_2078,Bedford
h_369,3,9567_4621,Norfolk
h_368,2,1282_7124,Lincolnshire
h_367,1,3719_2427,Cambridgeshire
h_366,1,3095_7007,Lincolnshire
h_365,4,1535_1405,Central Bedfordshire
h_364,2,2885_5557,Lincolnshire
h_363,2,0381_4337,Northamptonshire
h_362,4,3249_6538,Lincolnshire
h_361,2,6887_1687,Suffolk
h_360,4,0905_6550,Lincolnshire
h_359,5,1617_6445,Lincolnshire
h_358,6,1172_1142,Bedford
h_357,4,8937_1983,Suffolk
h_356,3,2207_5583,Lincolnshire
h_355,1,5329_2727,Suffolk
h_354,1,7895_1521,Suffolk
h_353,1,1085_2328,Bedford
h_352,2,1736_4388,Peterborough
h_351,3,3495_3200,Cambridgeshire
h_350,6,1415_1305,Central Bedfordshire
h_349,3,5581_4552,Norfolk
h_348,2,6019_2179,Suffolk
h_347,3,1390_1696,Bedford
h_346,5,0933_0022,Luton
h_345,2,2793_0881,Hertfordshire
h_344,4,2761_4636,Cambridgeshire
h_343,4,3213_1408,Cambridgeshire
h_342,2,9199_2204,Suffolk
h_341,5,6328_4328,Norfolk
h_340,4,5855_1224,Suffolk
h_339,1,5536_4371,Norfolk
h_338,2,1614_3971,Cambridgeshire
h_337,3,6936_2933,Suffolk
h_336,3,2182_0396,Hertfordshire
h_335,3,5256_1483,Suffolk
h_334,3,9499_2822,Suffolk
h_333,6,6606_4444,Norfolk
h_332,1,1334_7400,Lincolnshire
h_331,3,7802_2268,Suffolk
h_330,2,1377_1508,Bedford
h_329,6,2473_4861,Peterborough
h_328,3,6166_1719,Suffolk
h_327,4,1403_4270,Peterborough
h_326,3,8888_4515,Norfolk
h_325,2,3309_5033,Cambridgeshire
h_324,6,3210_7496,Lincolnshire
h_323,3,9372_5688,Norfolk
h_322,1,3043_0318,Hertfordshire
h_321,3,4036_3947,Cambridgeshire
h_320,3,5251_5420,Norfolk
h_319,2,1891_4402,Peterborough
h_318,2,0495_2993,Northamptonshire
h_317,2,1301_4675,Peterborough
h_316,3,0374_3387,Northamptonshire
h_315,4,0176_7234,Lincolnshire
h_314,2,4856_4955,Norfolk
h_313,2,8762_4243,Norfolk
h_312,5,0811_7057,Lincolnshire
h_311,3,2350_1002,Cambridgeshire
h_310,3,7165_1921,Suffolk
h_309,3,4227_4036,Norfolk
h_308,1,8119_6503,Norfolk
h_307,4,5418_0958,Essex
h_306,5,4053_2049,Cambridgeshire
h_305,2,0632_3725,Northamptonshire
h_304,2,3486_5619,Lincolnshire
h_303,3,5718_0318,Essex
h_302,4,0973_0173,Central Bedfordshire
h_301,4,6362_1913,Suffolk
h_300,4,5465_3153,Suffolk
h_199,4,3156_0397,Hertfordshire
h_198,1,3599_2216,Cambridgeshire
h_197,1,1221_1568,Bedford
h_196,6,9460_4440,Norfolk
h_195,1,6988_5505,Norfolk
h_194,3,2560_0700,Hertfordshire
h_193,3,2991_4986,Cambridgeshire
h_192,4,1993_4745,Peterborough
h_191,4,5032_0535,Essex
h_190,4,3798_0349,Essex
h_189,4,9322_2371,Suffolk
h_188,2,3482_2378,Cambridgeshire
h_187,3,2208_3919,Cambridgeshire
h_186,2,8248_5135,Norfolk
h_185,2,0916_3529,Northamptonshire
h_184,3,2909_7056,Lincolnshire
h_183,3,4727_1999,Cambridgeshire
h_182,4,5908_6040,Norfolk
h_181,2,6870_6448,Norfolk
h_180,1,1672_8398,Lincolnshire
h_179,3,4172_3798,Cambridgeshire
h_178,2,6665_2954,Suffolk
h_177,2,7702_1207,Suffolk
h_176,3,3837_1588,Cambridgeshire
h_175,2,5339_0440,Essex
h_174,3,6582_4676,Norfolk
h_173,3,1286_5673,Lincolnshire
h_172,4,6339_6701,Norfolk
h_171,2,7690_1408,Suffolk
h_170,2,2169_2196,Cambridgeshire
h_169,2,2030_7582,Lincolnshire
h_168,5,3729_0819,Essex
h_167,1,4082_0150,Essex
h_166,3,3174_5892,Lincolnshire
h_165,1,2691_4129,Cambridgeshire
h_164,2,4206_3346,Cambridgeshire
h_163,5,7003_2784,Suffolk
h_162,3,8904_2679,Suffolk
h_161,2,8913_3533,Suffolk
h_160,4,8013_2326,Suffolk
h_159,2,5084_0681,Essex
h_158,2,1311_0655,Central Bedfordshire
h_157,1,1929_4488,Peterborough
h_156,1,5980_1814,Suffolk
h_155,1,6476_2988,Suffolk
h_154,3,2182_0103,Hertfordshire
h_153,1,0431_9623,Lincolnshire
h_152,2,6124_0122,Essex
h_151,1,1032_0044,Luton
h_150,4,4616_1508,Suffolk
h_149,4,4694_6423,Norfolk
h_148,3,7791_0208,Essex
h_147,1,8678_2144,Suffolk
h_146,1,7620_1076,Suffolk
h_145,3,6483_6123,Norfolk
h_144,4,4781_3036,Suffolk
h_143,3,3923_0485,Essex
h_142,1,1887_4106,Cambridgeshire
h_141,4,6561_0219,Essex
h_140,2,0457_5175,Rutland
h_139,5,4985_2459,Suffolk
h_138,4,8654_4549,Norfolk
h_499,5,3289_7085,Lincolnshire
h_137,3,9306_5461,Norfolk
h_498,5,0580_8942,Lincolnshire
h_136,5,1363_5690,Lincolnshire
h_497,4,4426_3284,Suffolk
h_135,3,1263_6458,Lincolnshire
h_496,4,3794_5959,Norfolk
h_134,2,1283_1371,Bedford
h_495,2,2799_2073,Cambridgeshire
h_133,2,5678_0695,Essex
h_494,3,1620_0822,Central Bedfordshire
h_132,3,6258_5359,Norfolk
h_493,3,7414_3982,Norfolk
h_131,2,7029_4406,Norfolk
h_492,4,4652_3137,Suffolk
h_130,1,0586_5642,Lincolnshire
h_491,5,3157_0053,Hertfordshire
h_490,5,5543_1840,Suffolk
h_129,2,1835_2536,Cambridgeshire
h_128,3,1572_1116,Central Bedfordshire
h_489,2,4805_1074,Suffolk
h_127,4,9462_2844,Suffolk
h_488,5,8733_4289,Norfolk
h_126,4,2352_3532,Cambridgeshire
h_487,3,5095_0262,Essex
h_125,3,7166_0579,Suffolk
h_486,1,0166_6055,Lincolnshire
h_124,1,0619_5247,Rutland
h_485,1,3661_3631,Cambridgeshire
h_123,2,8416_4559,Norfolk
h_484,4,9047_4608,Norfolk
h_122,2,9716_3553,Suffolk
h_483,2,2181_4801,Peterborough
h_121,5,9645_4180,Suffolk
h_482,3,4361_0829,Essex
h_120,3,0715_6843,Lincolnshire
h_481,3,4005_1510,Cambridgeshire
h_480,2,0358_1789,Bedford
h_119,3,1728_4644,Peterborough
h_118,2,0263_2305,Northamptonshire
h_479,5,6203_0659,Suffolk
h_117,2,0547_2648,Northamptonshire
h_478,1,3224_3899,Cambridgeshire
h_116,1,0186_9469,Lincolnshire
h_477,4,5763_0682,Essex
h_115,3,1007_7897,Lincolnshire
h_476,2,2862_8635,Lincolnshire
h_114,4,1374_5943,Lincolnshire
h_475,3,5598_0377,Essex
h_113,3,7089_1594,Suffolk
h_474,1,1775_6040,Lincolnshire
h_112,3,7816_3336,Norfolk
h_473,2,7826_3311,Norfolk
h_111,4,7668_3219,Norfolk
h_472,3,0247_4135,Northamptonshire
h_110,2,0604_4560,Rutland
h_471,1,6887_3435,Norfolk
h_470,3,4675_0801,Essex
h_109,2,8440_1140,Suffolk
h_108,3,1788_4090,Cambridgeshire
h_469,1,1848_4831,Peterborough
h_107,1,0268_3716,Northamptonshire
h_468,3,0341_9067,Lincolnshire
h_106,3,3454_3075,Cambridgeshire
h_467,2,8620_3229,Suffolk
h_105,3,6482_3786,Norfolk
h_466,2,5410_4727,Norfolk
h_104,3,0290_6852,Lincolnshire
h_465,2,1840_3307,Cambridgeshire
h_103,1,7049_0901,Suffolk
h_464,2,8482_6276,Norfolk
h_102,1,0320_6439,Lincolnshire
h_463,4,5524_2635,Suffolk
h_101,3,4038_1354,Cambridgeshire
h_462,2,5299_4735,Norfolk
h_100,1,2328_0787,Hertfordshire
h_461,1,3149_7872,Lincolnshire
h_460,6,4820_4789,Norfolk
h_459,5,8791_5932,Norfolk
h_458,2,1054_4794,Peterborough
h_457,1,2699_6932,Lincolnshire
h_456,1,0867_2508,Bedford
h_455,4,5532_1466,Suffolk
h_454,3,4102_5114,Norfolk
h_453,5,0253_2482,Northamptonshire
h_452,1,7187_4400,Norfolk
h_451,3,9268_3356,Suffolk
h_450,2,3055_2532,Cambridgeshire
h_449,1,3862_0772,Essex
h_448,4,3969_0079,Essex
h_447,2,1479_9789,Lincolnshire
h_446,4,3612_0593,Essex
h_445,2,3536_1596,Cambridgeshire
h_444,4,7340_1755,Suffolk
h_443,3,3476_4022,Cambridgeshire
h_442,5,5792_3488,Norfolk
h_441,2,1432_4269,Peterborough
h_440,1,0566_2942,Northamptonshire
h_439,1,8911_5414,Norfolk
h_438,3,5431_6176,Norfolk
h_437,3,5173_1906,Suffolk
h_436,4,4347_0076,Essex
h_435,3,1763_8777,Lincolnshire
h_434,2,5328_1368,Suffolk
h_433,3,3791_8474,Lincolnshire
h_432,4,7269_0299,Suffolk
h_431,3,7696_6615,Norfolk
h_430,4,2503_8205,Lincolnshire
h_429,3,3683_4318,Norfolk
h_428,4,8586_4666,Norfolk
h_427,3,4527_0671,Essex
h_426,5,0722_2011,Bedford
h_425,3,2635_3100,Cambridgeshire
h_424,5,2753_0186,Hertfordshire
h_423,3,0602_2283,Bedford
h_422,3,4668_4740,Norfolk
h_421,4,6212_3673,Norfolk
h_420,2,7732_4832,Norfolk
h_419,3,0482_5070,Rutland
h_418,3,3696_0939,Essex
h_417,6,6974_1029,Suffolk
h_416,4,5114_0214,Essex
h_415,3,2134_2056,Cambridgeshire
h_414,2,0290_9509,Lincolnshire
h_413,3,0145_8617,Lincolnshire
h_412,2,4367_0022,Essex
h_411,3,2332_6887,Lincolnshire
h_410,6,4819_6296,Norfolk
h_409,5,0277_3536,Northamptonshire
h_408,2,2088_1321,Central Bedfordshire
h_407,4,4335_4978,Norfolk
h_406,1,0169_0910,Central Bedfordshire
h_405,2,9012_1174,Suffolk
h_404,2,6533_0411,Suffolk
h_403,4,8897_3575,Suffolk
h_402,2,2086_2676,Cambridgeshire
h_401,4,0364_3483,Northamptonshire
h_400,1,4578_2897,Cambridgeshire
h_99,1,3992_0946,Essex
h_98,4,2177_4711,Peterborough
h_97,3,1003_6923,Lincolnshire
h_96,3,9437_4998,Norfolk
h_95,5,5890_4727,Norfolk
h_94,3,0210_8386,Lincolnshire
h_93,2,0818_6666,Lincolnshire
h_92,3,1221_1349,Bedford
h_91,3,4137_0740,Essex
h_90,1,3560_8093,Lincolnshire
h_9,4,3062_0325,Hertfordshire
h_8,2,8929_3101,Suffolk
h_7,1,2964_7689,Lincolnshire
h_6,2,0735_3553,Northamptonshire
h_5,3,7246_3852,Norfolk
h_4,3,5021_0332,Essex
h_3,3,2605_9697,Lincolnshire
h_2,3,3315_4658,Cambridgeshire
h_1,2,0309_3055,Northamptonshire
h_0,1,5996_0221,Essex
h_89,5,5094_2470,Suffolk
h_88,3,4575_0269,Essex
h_87,1,1921_2455,Cambridgeshire
h_86,2,7101_1487,Suffolk
h_85,4,9239_2038,Suffolk
h_84,4,8944_1662,Suffolk
h_83,3,8486_2009,Suffolk
h_82,1,1384_9055,Lincolnshire
h_81,2,0141_4408,Rutland
h_80,4,9035_1954,Suffolk
h_299,2,2435_2217,Cambridgeshire
h_298,2,3031_3274,Cambridgeshire
h_297,1,6925_3864,Norfolk
h_79,3,8462_4065,Norfolk
h_296,3,1501_5335,Lincolnshire
h_78,2,5824_3120,Suffolk
h_295,5,0881_0434,Central Bedfordshire
h_77,3,1885_6942,Lincolnshire
h_294,5,6065_5571,Norfolk
h_76,4,5532_4241,Norfolk
h_293,3,4993_0435,Essex
h_75,2,3440_8160,Lincolnshire
h_292,5,5441_5804,Norfolk
h_74,3,7104_3562,Norfolk
h_291,1,4445_0608,Essex
h_73,1,6601_2642,Suffolk
h_290,1,1779_4926,Peterborough
h_72,5,3289_2747,Cambridgeshire
h_71,3,2494_6269,Lincolnshire
h_70,3,9692_2951,Suffolk
h_289,2,2669_8321,Lincolnshire
h_288,3,0140_7800,Lincolnshire
h_287,3,6926_3993,Norfolk
h_69,3,2451_4555,Peterborough
h_286,1,1103_3011,Cambridgeshire
h_68,3,7024_5641,Norfolk
h_285,3,4669_2410,Cambridgeshire
h_67,5,6532_1397,Suffolk
h_284,4,2127_0366,Hertfordshire
h_66,3,0603_0296,Central Bedfordshire
h_283,1,2181_0899,Hertfordshire
h_65,3,1779_6559,Lincolnshire
h_282,3,8012_5113,Norfolk
h_64,4,4991_0284,Essex
h_281,4,0916_0049,Central Bedfordshire
h_63,3,5718_6106,Norfolk
h_280,4,3075_0055,Hertfordshire
h_62,2,6106_0266,Essex
h_61,3,1907_5109,Lincolnshire
h_60,3,5833_0031,Essex
